/es/emisoras/perfil/-6081>AC>ARCA CONTINENTAL, S.A.B. DE C.V.
 /es/emisoras/perfil/-5015>ACCELSA>ACCEL, S.A.B. DE C.V.
 /es/emisoras/perfil/-6842>ACTINVR>CORPORACION ACTINVER, S.A.B. DE C.V.
 /es/emisoras/perfil/-7567>AEROMEX>GRUPO AEROMÉXICO, S.A.B. DE C.V.
 /es/emisoras/perfil/-5044>AGRIEXP>AGRO INDUSTRIAL EXPORTADORA, S.A. DE C.V.
 /es/emisoras/perfil/-31600>AGUA>GRUPO ROTOPLAS, S.A.B. DE C.V.
 /es/emisoras/perfil/-5047>AHMSA>ALTOS HORNOS DE MEXICO, S.A. DE C.V.
 /es/emisoras/perfil/-7434>ALEATIC>ALEATICA, S.A.B. DE C.V.
 /es/emisoras/perfil/-5052>ALFA>ALFA, S.A.B. DE C.V.
 /es/emisoras/perfil/-5057>ALPEK>ALPEK, S.A.B. DE C.V.
 /es/emisoras/perfil/-5059>ALSEA>ALSEA, S.A.B. DE C.V.
 /es/emisoras/perfil/-35267>ALTERNA>ALTERNA ASESORIA INTERNACIONAL, S.A.B. DE C.V.
 /es/emisoras/perfil/-6024>AMX>AMERICA MOVIL, S.A.B. DE C.V.
 /es/emisoras/perfil/-32295>ANB>ANHEUSER-BUSCH INBEV SA/NV
 /es/emisoras/perfil/-5072>ARA>CONSORCIO ARA, S.A.B. DE C.V.
 /es/emisoras/perfil/-5082>ARISTOS>CONSORCIO ARISTOS, S.A.B. DE C.V.
 /es/emisoras/perfil/-6001>ASUR>GRUPO AEROPORTUARIO DEL SURESTE, S.A.B. DE C.V.
 /es/emisoras/perfil/-5108>AUTLAN>COMPAÑIA MINERA AUTLAN, S.A.B. DE C. V.
 /es/emisoras/perfil/-6556>AXTEL>AXTEL, S.A.B. DE C.V.
 /es/emisoras/perfil/-5730>AZTECA>TV AZTECA, S.A.B. DE C.V.
 /es/emisoras/perfil/-5113>BACHOCO>INDUSTRIAS BACHOCO, S.A.B. DE C.V.
 /es/emisoras/perfil/-5116>BAFAR>GRUPO BAFAR, S.A.B. DE C.V.
 /es/emisoras/perfil/-31431>BBAJIO>BANCO DEL BAJÍO, S.A., INSTITUCIÓN DE BANCA MÚLTIPLE
 /es/emisoras/perfil/-6528>BBVA>BANCO BILBAO VIZCAYA ARGENTARIA, S.A.
 /es/emisoras/perfil/-5161>BEVIDES>FARMACIAS BENAVIDES, S.A.B. DE C.V.
 /es/emisoras/perfil/-5163>BIMBO>GRUPO BIMBO, S.A.B. DE C.V.
 /es/emisoras/perfil/-7029>BOLSA>BOLSA MEXICANA DE VALORES, S.A.B. DE C.V.
 /es/emisoras/perfil/-6998>BSMX>BANCO SANTANDER MEXICO, S.A., INSTITUCION DE BANCA MULTIPLE, GRUPO FINANCIERO SANTANDER
 /es/emisoras/perfil/-5979>CABLE>EMPRESAS CABLEVISION, S.A. DE C.V.
 /es/emisoras/perfil/-7751>CADU>CORPOVAEL S.A.B. DE C.V.
 /es/emisoras/perfil/-5203>CEMEX>CEMEX, S.A.B. DE C.V.
 /es/emisoras/perfil/-5206>CERAMIC>INTERNACIONAL DE CERAMICA, S.A.B. DE C.V.
 /es/emisoras/perfil/-5209>CHDRAUI>GRUPO COMERCIAL CHEDRAUI, S.A.B. DE C.V.
 /es/emisoras/perfil/-5211>CIDMEGA>GRUPE, S.A.B. DE C.V.
 /es/emisoras/perfil/-5212>CIE>CORPORACION INTERAMERICANA DE ENTRETENIMIENTO, S.A.B. DE C.V.
 /es/emisoras/perfil/-5219>CMOCTEZ>CORPORACION MOCTEZUMA, S.A.B. DE C.V.
 /es/emisoras/perfil/-5762>CMR>CMR, S.A.B. DE C.V.
 /es/emisoras/perfil/-5225>COLLADO>G COLLADO, S.A.B. DE C.V.
 /es/emisoras/perfil/-5233>CONVER>CONVERTIDORA INDUSTRIAL, S.A.B. DE C.V.
 /es/emisoras/perfil/-5242>CREAL>CREDITO REAL, S.A.B. DE C.V., SOFOM, E.N.R.
 /es/emisoras/perfil/-32378>CUERVO>BECLE, S.A.B. DE C.V.
 /es/emisoras/perfil/-5405>CULTIBA>ORGANIZACIÓN CULTIBA, S.A.B. DE CV
 /es/emisoras/perfil/-5252>CYDSASA>CYDSA, S.A.B. DE C.V.
 /es/emisoras/perfil/-6792>DINE>DINE, S.A.B. DE C.V.
 /es/emisoras/perfil/-5546>EDOARDO>EDOARDOS MARTIN, S.A.B. DE C.V.
 /es/emisoras/perfil/-5457>ELEKTRA>GRUPO ELEKTRA, S.A.B. DE C.V.
 /es/emisoras/perfil/-5305>FEMSA>FOMENTO ECONÓMICO MEXICANO, S.A.B. DE C.V.
 /es/emisoras/perfil/-5448>FINAMEX>CASA DE BOLSA FINAMEX, S.A.B. DE C.V.
 /es/emisoras/perfil/-5321>FINDEP>FINANCIERA INDEPENDENCIA, S.A.B. DE C.V. SOFOM, E.N.R.
 /es/emisoras/perfil/-5368>FRAGUA>CORPORATIVO FRAGUA, S.A.B. DE C.V.
 /es/emisoras/perfil/-7019>FRES>FRESNILLO PLC
 /es/emisoras/perfil/-6579>GAP>GRUPO AEROPORTUARIO DEL PACIFICO, S.A.B. DE C.V.
 /es/emisoras/perfil/-34648>GAV>ACOSTA VERDE, S.A.B. DE C.V.
 /es/emisoras/perfil/-5382>GBM>CORPORATIVO GBM, S.A.B. DE C. V.
 /es/emisoras/perfil/-5393>GCARSO>GRUPO CARSO, S.A.B. DE C.V.
 /es/emisoras/perfil/-5394>GCC>GCC, S.A.B. DE C.V.
 /es/emisoras/perfil/-7472>GENTERA>GENTERA, S.A.B. DE C.V.
 /es/emisoras/perfil/-5866>GFAMSA>GRUPO FAMSA, S.A.B. DE C.V.
 /es/emisoras/perfil/-5428>GFINBUR>GRUPO FINANCIERO INBURSA, S.A.B. DE C.V.
 /es/emisoras/perfil/-5432>GFMULTI>GRUPO FINANCIERO MULTIVA S.A.B. DE C.V.
 /es/emisoras/perfil/-5433>GFNORTE>GRUPO FINANCIERO BANORTE, S.A.B DE C.V.
 /es/emisoras/perfil/-6529>GICSA>GRUPO GICSA, S.A.B. DE C.V.
 /es/emisoras/perfil/-5436>GIGANTE>GRUPO GIGANTE, S.A.B. DE C.V.
 /es/emisoras/perfil/-5437>GISSA>GRUPO INDUSTRIAL SALTILLO, S.A.B. DE C.V.
 /es/emisoras/perfil/-5441>GMD>GRUPO MEXICANO DE DESARROLLO, S.A.B.
 /es/emisoras/perfil/-6008>GMEXICO>GRUPO MEXICO, S.A.B. DE C.V.
 /es/emisoras/perfil/-32769>GMXT>GMÉXICO TRANSPORTES, S.A.B. DE C.V.
 /es/emisoras/perfil/-5444>GNP>GRUPO NACIONAL PROVINCIAL, S.A.B.
 /es/emisoras/perfil/-5445>GOMO>GRUPO COMERCIAL GOMO, S.A. DE C.V.
 /es/emisoras/perfil/-5446>GPH>GRUPO PALACIO DE HIERRO, S.A.B. DE C.V.
 /es/emisoras/perfil/-6097>GPROFUT>GRUPO PROFUTURO, S.A.B. DE C.V.
 /es/emisoras/perfil/-5454>GRUMA>GRUMA, S.A.B. DE C.V.
 /es/emisoras/perfil/-5227>GSANBOR>GRUPO SANBORNS, S.A.B. DE C.V.
 /es/emisoras/perfil/-31249>HCITY>HOTELES CITY EXPRESS, S.A.B. DE C.V.
 /es/emisoras/perfil/-5461>HERDEZ>GRUPO HERDEZ, S.A.B. DE C.V.
 /es/emisoras/perfil/-5465>HIMEXSA>HIMEXSA, S.A.B. DE C.V.
 /es/emisoras/perfil/-5981>HOMEX>DESARROLLADORA HOMEX, S.A.B. DE C.V.
 /es/emisoras/perfil/-31284>HOTEL>GRUPO HOTELERO SANTA FE, S.A.B. DE C.V.
 /es/emisoras/perfil/-5470>IASASA>INDUSTRIA AUTOMOTRIZ, S.A. DE C.V.
 /es/emisoras/perfil/-5471>ICA>EMPRESAS ICA, S.A.B. DE C.V.
 /es/emisoras/perfil/-5477>ICH>INDUSTRIAS CH, S.A.B. DE C.V.
 /es/emisoras/perfil/-6531>IDEAL>IMPULSORA DEL DESARROLLO Y EL EMPLEO EN AMERICA LATINA, S.A.B. DE C.V.
 /es/emisoras/perfil/-5439>INGEAL>INGEAL, S.A.B. DE C.V.
 /es/emisoras/perfil/-5504>INVEX>INVEX CONTROLADORA, S.A.B. DE C.V.
 /es/emisoras/perfil/-30053>JAVER>SERVICIOS CORPORATIVOS JAVER, S.A.B. DE C.V.
 /es/emisoras/perfil/-5524>KIMBER>KIMBERLY - CLARK DE MEXICO S.A.B. DE C.V.
 /es/emisoras/perfil/-5525>KOF>COCA-COLA FEMSA, S.A.B. DE C.V.
 /es/emisoras/perfil/-5262>KUO>GRUPO KUO, S.A.B. DE C.V.
 /es/emisoras/perfil/-7032>LAB>GENOMMA LAB INTERNACIONAL, S.A.B. DE C.V.
 /es/emisoras/perfil/-32096>LACOMER>LA COMER S.A.B. DE C.V.
 /es/emisoras/perfil/-5527>LAMOSA>GRUPO LAMOSA, S.A.B. DE C.V.
 /es/emisoras/perfil/-5530>LASEG>LA LATINOAMERICANA SEGUROS, S.A.
 /es/emisoras/perfil/-36025>LASITE>SITIOS LATINOAMÉRICA, S.A.B. DE C.V.
 /es/emisoras/perfil/-5536>LIVEPOL>EL PUERTO DE LIVERPOOL, S.A.B. DE C.V.
 /es/emisoras/perfil/-5549>MEDICA>MEDICA SUR, S.A.B. DE C.V.
 /es/emisoras/perfil/-6854>MEGA>MEGACABLE HOLDINGS, S.A.B. DE C.V.
 /es/emisoras/perfil/-7475>MFRISCO>MINERA FRISCO, S.A.B. DE C.V.
 /es/emisoras/perfil/-5557>MINSA>GRUPO MINSA, S.A.B. DE C.V.
 /es/emisoras/perfil/-7371>MONEX>MONEX, S.A.B. DE C.V.
 /es/emisoras/perfil/-6190>NEMAK>NEMAK, S.A.B. DE C.V.
 /es/emisoras/perfil/-6707>OMA>GRUPO AEROPORTUARIO DEL CENTRO NORTE, S.A.B. DE C.V.
 /es/emisoras/perfil/-5188>ORBIA>ORBIA ADVANCE CORPORATION, S.A.B. DE C.V.
 /es/emisoras/perfil/-6545>PASA>PROMOTORA AMBIENTAL, S.A.B. DE C.V.
 /es/emisoras/perfil/-5608>PE&amp;OLES>INDUSTRIAS PEÑOLES, S. A.B. DE C. V.
 /es/emisoras/perfil/-5725>PINFRA>PROMOTORA Y OPERADORA DE INFRAESTRUCTURA, S.A.B. DE C.V.
 /es/emisoras/perfil/-31982>PLANI>PLANIGRUPO LATAM, S.A.B. DE C.V.
 /es/emisoras/perfil/-5261>POCHTEC>GRUPO POCHTECA, S.A.B. DE C.V.
 /es/emisoras/perfil/-5624>POSADAS>GRUPO POSADAS, S.A.B. DE C.V.
 /es/emisoras/perfil/-5631>PROCORP>PROCORP, S.A.B. DE C.V.
 /es/emisoras/perfil/-7804>PV>PEÑA VERDE S.A.B.
 /es/emisoras/perfil/-7790>Q>QUÁLITAS CONTROLADORA, S.A.B. DE C.V.
 /es/emisoras/perfil/-5645>QBINDUS>Q.B. INDUSTRIAS, S.A. DE C.V.
 /es/emisoras/perfil/-5426>QUMMA>GRUPO QUMMA, S.A. DE C.V.
 /es/emisoras/perfil/-7646>R>REGIONAL, S.A.B. DE C.V.
 /es/emisoras/perfil/-5650>RCENTRO>GRUPO RADIO CENTRO, S.A.B. DE C.V.
 /es/emisoras/perfil/-32042>RLH>RLH PROPERTIES, S.A.B. DE C.V.
 /es/emisoras/perfil/-6542>SAN>BANCO SANTANDER, S.A.
 /es/emisoras/perfil/-6210>SARE>SARE HOLDING, S.A.B. DE C.V.
 /es/emisoras/perfil/-5558>SAVIA>SAVIA, S.A. DE C.V.
 /es/emisoras/perfil/-5685>SIMEC>GRUPO SIMEC, S.A.B. DE C.V.
 /es/emisoras/perfil/-35733>SITES1>OPERADORA DE SITES MEXICANOS, S.A.B. DE C.V.
 /es/emisoras/perfil/-5693>SORIANA>ORGANIZACION SORIANA, S.A.B. DE C.V.
 /es/emisoras/perfil/-7414>SPORT>GRUPO SPORTS WORLD, S.A.B. DE C.V.
 /es/emisoras/perfil/-35339>SRE>SEMPRA ENERGY
 /es/emisoras/perfil/-7369>TEAK>PROTEAK UNO, S.A.B. DE C.V.
 /es/emisoras/perfil/-5714>TEKCHEM>TEKCHEM, S.A.B. DE C.V.
 /es/emisoras/perfil/-5720>TLEVISA>GRUPO TELEVISA, S.A.B.
 /es/emisoras/perfil/-6084>TMM>GRUPO TMM, S.A.
 /es/emisoras/perfil/-32708>TRAXION>GRUPO TRAXIÓN S.A.B DE C.V.
 /es/emisoras/perfil/-6137>TS>TENARIS S.A.
 /es/emisoras/perfil/-6088>UNIFIN>UNIFIN FINANCIERA, S.A.B. DE C.V.
 /es/emisoras/perfil/-6089>URBI>URBI DESARROLLOS URBANOS, S.A.B. DE C.V.
 /es/emisoras/perfil/-5427>VALUEGF>VALUE GRUPO FINANCIERO, S.A.B. DE C.V.
 /es/emisoras/perfil/-5279>VASCONI>GRUPO VASCONIA S.A.B.
 /es/emisoras/perfil/-7793>VESTA>CORPORACIÓN INMOBILIARIA VESTA, S.A.B. DE C.V.
 /es/emisoras/perfil/-7565>VINTE>VINTE VIVIENDAS INTEGRALES, S.A.B. DE C.V.
 /es/emisoras/perfil/-32700>VISTA>VISTA OIL &amp; GAS, S.A.B. DE C.V.
 /es/emisoras/perfil/-5761>VITRO>VITRO, S.A.B. DE C.V.
 /es/emisoras/perfil/-30023>VOLAR>CONTROLADORA VUELA COMPAÑÍA DE AVIACIÓN, S.A.B. DE C.V.
 /es/emisoras/perfil/-5214>WALMEX>WAL - MART DE MEXICO, S.A.B. DE C.V.